e,x,alpha,rho
-1.6022621452319852,-1.6022621452319852,1,0.1
0.9757513261168248,1.8155251115936264,1,0.1
-0.6390933163514517,0.542459194807911,1,0.1
-1.204637348647232,-0.15039142916644077,1,0.1
2.200408169425098,3.1853690265084538,1,0.1
-0.5122089319369567,0.8063279707138886,1,0.1
0.4941724985004868,1.5748052955718757,1,0.1
1.2081920478028711,2.3656725773600584,1,0.1
-0.43971626428941224,0.7968509934465936,1,0.1
-0.7553700317893918,0.3243150675552676,1,0.1
0.8808660379973609,1.9132975447528877,1,0.1
0.4205217519442223,1.6118515064195111,1,0.1
-0.11862815010703096,1.04255700053492,1,0.1
-0.5750953983820061,0.529160301671486,1,0.1
0.20038672261526394,1.2533027527824125,1,0.1
0.13616628876246578,1.261496564040707,1,0.1
0.7406118433610648,1.8667614997651354,1,0.1
-1.4476922351077905,-0.26101608513127705,1,0.1
0.03579484636141452,1.0096932378482868,1,0.1
0.8996298615172538,2.0005991853020824,1,0.1
0.32752426751556846,1.5275841860457768,1,0.1
0.30822387033363974,1.4609822889382174,1,0.1
0.5558334233509404,1.7019316522447623,1,0.1
-0.6387879993241239,0.5314051659003522,1,0.1
-0.5997891185375736,0.4533513980524616,1,0.1
1.3727663070199154,2.418101446825162,1,0.1
0.05028052944611762,1.292090674128634,1,0.1
0.7838788940185756,1.9130879614314389,1,0.1
-0.3428807643722236,0.8484280317709203,1,0.1
-2.196082565738848,-1.1112397625617558,1,0.1
1.3282217970453476,2.217097820789172,1,0.1
-0.29911005759005593,0.9225997244888614,1,0.1
0.27444677645686383,1.36670674890575,1,0.1
-0.07836438503754166,1.0583062898530333,1,0.1
0.30342214108593185,1.4092527700712352,1,0.1
0.038644387144640545,1.179569664151764,1,0.1
0.5011800778360043,1.6191370442511805,1,0.1
0.1378568760504269,1.2997705804755448,1,0.1
1.4990726725342771,2.6290497305818317,1,0.1
0.6049157356456649,1.867820708703848,1,0.1
-0.7336028245545994,0.45317924631578554,1,0.1
-1.3079701794816807,-0.26265225485010224,1,0.1
-0.9599174485841601,0.013817325930829738,1,0.1
-1.0575582510590291,-0.05617651846594618,1,0.1
0.29615719456081907,1.2905395427142246,1,0.1
0.6714198815288431,1.8004738358002657,1,0.1
-1.2746776662250368,-0.09463028264501028,1,0.1
0.1601266646503614,1.1506636363858602,1,0.1
-0.2810855032199896,0.8339808604185964,1,0.1
-0.2987457925400084,0.7846522935018514,1,0.1
-0.6816024266047113,0.3968628027454738,1,0.1
0.8052336261736384,1.8449199064481858,1,0.1
-0.7920205131249523,0.39247147751986633,1,0.1
0.4800189014236488,1.5192660491756356,1,0.1
1.2801225286968954,2.432049133614459,1,0.1
-1.5173395881372698,-0.27413467477582376,1,0.1
0.2415857438729539,1.2141722763953715,1,0.1
0.24200987103108748,1.3634270986706245,1,0.1
-0.9321271473527505,0.20421556251431194,1,0.1
-3.313447282011584,-2.2930257257601525,1,0.1
0.2057240468251128,0.9764214742490975,1,0.1
-0.2767660018656454,0.8208761455592645,1,0.1
1.650108625018528,2.7321962395744546,1,0.1
-2.050053131194586,-0.7768335072371406,1,0.1
-0.19191916355212207,0.730397485724164,1,0.1
0.005789138901198896,1.0788288874736152,1,0.1
1.0280648271399657,2.135947715887327,1,0.1
0.20066170674486358,1.4142564783335962,1,0.1
0.25812714560292543,1.399552793436285,1,0.1
-0.164254393891831,0.9757008854517975,1,0.1
0.2481837942204562,1.345753882765636,1,0.1
-0.7637940260617445,0.37078136221481917,1,0.1
-0.20335497453048595,0.8337231616909959,1,0.1
-1.2576689495878468,-0.17429663341874724,1,0.1
-0.15890382679921375,0.8236665098589115,1,0.1
-0.454869876925003,0.6274967740608881,1,0.1
0.19837656177277646,1.2611262391788651,1,0.1
-0.5759581727180275,0.550154451199859,1,0.1
0.836841828645666,1.8918572737656518,1,0.1
-1.827220551354742,-0.6380348239781768,1,0.1
0.05230451130087287,0.9885010289030552,1,0.1
2.050278465321474,3.149128568211779,1,0.1
-0.4957344202907152,0.8191784365304626,1,0.1
0.5004801888034786,1.582398032456525,1,0.1
-0.6049547683005576,0.5532850349450948,1,0.1
0.505372269226352,1.5607007727208615,1,0.1
0.5291270829523373,1.6851971602244236,1,0.1
-2.3142085484724477,-1.1456888324500054,1,0.1
-0.7636160822970345,0.12181503445796493,1,0.1
0.4002358172210147,1.4124173206668114,1,0.1
-0.6592738191906617,0.4819679128760195,1,0.1
-1.4985311007556108,-0.4503343094680088,1,0.1
0.46467343833977015,1.4196400073929691,1,0.1
-0.13640778894579195,1.0055562117935049,1,0.1
1.2040253729674109,2.3045809941467614,1,0.1
0.6533290687466461,1.883787168161322,1,0.1
1.063109528601619,2.251488245417751,1,0.1
0.26144795680785143,1.4865967813496266,1,0.1
-1.8281556713482927,-0.67949599321333,1,0.1
0.08209629555720538,1.0141466962358723,1,0.1
1.053679643761564,2.1550943133851512,1,0.1
0.12982279577814032,1.3453322271166555,1,0.1
0.3955231312045328,1.5300563539161984,1,0.1
0.0021341862830204744,1.1551398216746402,1,0.1
-0.9734091726429429,0.1421048095245211,1,0.1
1.0446270167636706,2.058837497716123,1,0.1
-1.2634386226669074,-0.05755487289529504,1,0.1
-0.6661058199380051,0.32813869277246543,1,0.1
0.4205398685705076,1.4533537378477543,1,0.1
-0.7882843910184383,0.35705098276633707,1,0.1
2.4754713444838012,3.511176442760435,1,0.1
-0.48161918475357907,0.8694984595224644,1,0.1
1.441977576606726,2.528927422558972,1,0.1
-1.3634706897954878,-0.1105779475395905,1,0.1
0.2783104679036088,1.2672526731496498,1,0.1
-0.3328346879753627,0.7938905793396023,1,0.1
-0.751636427384815,0.3277526305491453,1,0.1
-0.7216922733312672,0.31108298972364734,1,0.1
1.5644874008610932,2.595595699833458,1,0.1
1.0416388512282189,2.3011984212115646,1,0.1
-0.618764771505998,0.6113550706151586,1,0.1
0.8015426887777483,1.8626781958392642,1,0.1
0.13556431400035193,1.3218321335842784,1,0.1
-0.8207996786436564,0.3113835347147713,1,0.1
-0.773040321736023,0.2580980317354541,1,0.1
0.6734497371882467,1.6992595403617923,1,0.1
1.791131599896818,2.9610575539329975,1,0.1
-0.35031311409138216,0.9457926413019175,1,0.1
-1.143639855551711,-0.04906059142151942,1,0.1
-0.19693882230491846,0.7981551185529296,1,0.1
-1.5915437755891213,-0.5117282637338283,1,0.1
0.3746191689202993,1.3234463425469165,1,0.1
-1.4799760274883593,-0.34763139323366765,1,0.1
0.1252067282935072,1.0904435889701405,1,0.1
-0.916405033177261,0.19263932571975306,1,0.1
0.7474764334755941,1.7667403660475693,1,0.1
2.0505420338779827,3.22721607048274,1,0.1
0.5544875763659762,1.8772091834142501,1,0.1
-1.637804668696568,-0.4500837503551429,1,0.1
0.5278939831611322,1.4828856081256179,1,0.1
-0.2349759717219877,0.913312589090574,1,0.1
0.5438495940085019,1.6351808529175593,1,0.1
0.3446787148364246,1.5081968001281805,1,0.1
0.21628665130928498,1.367106331322103,1,0.1
-0.36442931972531234,0.772281313406898,1,0.1
-1.0086614460515395,0.06856668528915022,1,0.1
0.4821423015904349,1.48899897011935,1,0.1
0.3549792765365278,1.503879173548463,1,0.1
0.06762036004868743,1.2180082774035337,1,0.1
-0.35709732756652257,0.7647035001738307,1,0.1
0.10282657487357076,1.179296924890954,1,0.1
-0.41834373393171526,0.69958595855738,1,0.1
1.4287699011185904,2.498728496974328,1,0.1
0.3013537103447376,1.5512265600421704,1,0.1
0.2330626214678357,1.388185277472053,1,0.1
-0.26143723267989605,0.8773812950673093,1,0.1
1.6861955313385315,2.7739336608452625,1,0.1
2.9810725979612913,4.258465964045818,1,0.1
-0.239520361655375,1.1863262347492067,1,0.1
0.4955231682991596,1.6141557917740803,1,0.1
-0.5946008405747076,0.5668147386027005,1,0.1
0.8247859298003153,1.8814674036605854,1,0.1
-0.7570441195110128,0.4311026208550458,1,0.1
-0.5728575250789837,0.4702527370065209,1,0.1
-1.1140511269779185,-0.06702585327726651,1,0.1
-0.3476769268723034,0.64562048779997006,1,0.1
-0.6809193143191142,0.3836427344608827,1,0.1
0.7214584764239953,1.7598227498700836,1,0.1
-0.8791062125578841,0.29687606242912423,1,0.1
0.18269257575463835,1.2123801819975506,1,0.1
1.8829028855454812,3.0041409037452365,1,0.1
0.02676563504838693,1.3271797254229105,1,0.1
1.102336205871788,2.235054178414079,1,0.1
0.5297846916860524,1.7532901095274602,1,0.1
0.7049582729818014,1.8802872839345475,1,0.1
0.6852110002640672,1.873239728657522,1,0.1
0.7032143024587857,1.8905382753245377,1,0.1
0.3152816256481904,1.5043354531806443,1,0.1
1.8338712648878361,2.9843048102059004,1,0.1
-0.34843591701439514,0.9499945640061949,1,0.1
-1.1088372813725156,-0.013837824971896007,1,0.1
0.04162021722638027,1.0402364347291906,1,0.1
-1.530303129229941,-0.4262794857570218,1,0.1
-0.9943030885869566,-0.036931037162658775,1,0.1
0.6901577796544907,1.686464675938225,1,0.1
-0.7579115124768847,0.4107349551169379,1,0.1
1.2508324345863013,2.291905930097995,1,0.1
1.822670832856445,3.051861425866244,1,0.1
-1.3051325807370924,5.356184953209109e-5,1,0.1
0.5476659089714959,1.547671265156449,1,0.1
-0.06921747884536397,1.085549647670281,1,0.1
-0.8876872585661545,0.2208677062008736,1,0.1
-1.5430795029197997,-0.5209927322997123,1,0.1
-1.320690878104417,-0.3727901513343883,1,0.1
0.32268031769656647,1.2854013025631277,1,0.1
-1.0162084688918191,0.11233166136449357,1,0.1
2.368461289919992,3.3796944560564413,1,0.1
-1.8093041003483357,-0.47133465474269154,1,0.1
0.2412427470209608,1.1941092815466916,1,0.1
0.18483728571359342,1.3042482138682625,1,0.1
0.04987031804773364,1.1802951394345598,1,0.1
-1.591642478152112,-0.47361296420865595,1,0.1
-1.1267638376299731,-0.17412513405083874,1,0.1
-0.03666913139622096,0.9459183551986952,1,0.1
0.48153051181999434,1.576122347339864,1,0.1
-1.7950150768078739,-0.6374028420738875,1,0.1
-0.1496851635902057,0.7865745522024056,1,0.1
0.8072838799586081,1.8859413351788485,1,0.1
-0.484261663612106,0.7043324699057789,1,0.1
-0.04744780156842547,1.0229854454221525,1,0.1
1.8345955064641373,2.9368940510063526,1,0.1
-1.3122409974890656,-0.018551592388430294,1,0.1
-0.6051551363168082,0.3929897044443488,1,0.1
-2.7549578659408365,-1.7156588954964016,1,0.1
0.5278575200177489,1.3562916304681087,1,0.1
-1.162945957490367,-0.02731679444355617,1,0.1
0.19722769393945566,1.1944960144951,1,0.1
-1.8891629320095602,-0.7697133305600501,1,0.1
-0.9214487761232364,0.0015798908207586004,1,0.1
1.3416928996819408,2.3418508887640166,1,0.1
0.27065882222028304,1.5048439110966847,1,0.1
-0.20607975981868812,0.9444046312909804,1,0.1
0.5515254058638734,1.6459658689929715,1,0.1
0.7004544171280399,1.865051004027337,1,0.1
-1.329656953131466,-0.14315185272873232,1,0.1
-0.3669198176849868,0.6187649970421399,1,0.1
0.07826096357485,1.140137463279064,1,0.1
0.04499474639394129,1.1590084927218478,1,0.1
0.4133586008176269,1.5292594500898116,1,0.1
-0.17782502426903615,0.9751009207399449,1,0.1
0.917407394920114,2.0149174869941087,1,0.1
0.15626457742063385,1.3577563261200447,1,0.1
0.7827462422796431,1.9185218748916477,1,0.1
0.7651581741187546,1.9570103616079195,1,0.1
-0.6766421726985211,0.5190588634622709,1,0.1
-0.510689602368793,0.5412162839774342,1,0.1
0.5008407571350751,1.5549623855328187,1,0.1
-0.4140650287974283,0.7414312097558535,1,0.1
-0.3106585577607236,0.7634845632148618,1,0.1
0.6210780087495893,1.6974264650710755,1,0.1
-0.9853282443137759,0.18441440219333183,1,0.1
0.08309331259724204,1.101534752816575,1,0.1
-0.3996657131270449,0.7104877621546126,1,0.1
0.06747077118812407,1.1385195474035854,1,0.1
1.3655797819997948,2.4794317367401533,1,0.1
-0.8178377519785766,0.43010542169543886,1,0.1
1.5796563266811772,2.622666868850721,1,0.1
-0.665197998425084,0.5970686884599881,1,0.1
0.5409347256906233,1.6006415945366221,1,0.1
0.11403396520076238,1.2740981246544247,1,0.1
-0.8934132606488284,0.23399655181661416,1,0.1
-0.8121820645014004,0.2112175906802609,1,0.1
0.7614915998022351,1.7826133588702613,1,0.1
0.6339887016414053,1.8122500375284316,1,0.1
-0.9123651741279448,0.2688598296248983,1,0.1
1.1138512542483034,2.1407372372107933,1,0.1
1.4967131377476772,2.7107868614687565,1,0.1
-0.7450153981145283,0.5260632880323474,1,0.1
-1.344224054235307,-0.2916177254320722,1,0.1
0.46952929379249503,1.440367521249288,1,0.1
-0.3725900483752022,0.7714467037497266,1,0.1
0.9554545383899115,2.0325992087648843,1,0.1
0.17971844106545876,1.3829783619419471,1,0.1
0.09420719146504258,1.2325050276592373,1,0.1
-0.6053170010913558,0.5179335016745679,1,0.1
-0.22179929514912752,0.8299940550183292,1,0.1
0.018329073416412177,1.1013284789182451,1,0.1
-0.06309839482304636,1.047034453068778,1,0.1
-1.7349202708230094,-0.6302168255161316,1,0.1
1.0757179941398844,2.0126963115882712,1,0.1
0.7402747037878632,1.9415443349466903,1,0.1
0.4006919947853564,1.5948464282800254,1,0.1
0.11342309478805133,1.2729077376160538,1,0.1
-0.7920461765915487,0.3352445971700566,1,0.1
1.9206201153550306,2.9541445750720365,1,0.1
-0.8117632624248768,0.4836511950823269,1,0.1
0.24951355018174476,1.2978786696899773,1,0.1
0.18045485526748578,1.3102427222364836,1,0.1
-0.48325040578788614,0.6477738664357622,1,0.1
0.46973604209952935,1.5345134287431055,1,0.1
-1.1471207063001703,0.006330636574140236,1,0.1
-0.8966990614262518,0.10393400223116234,1,0.1
1.2008442591870923,2.2112376594102088,1,0.1
-0.6192898076309141,0.6018339583101067,1,0.1
-1.5961117469130037,-0.535928351081993,1,0.1
-0.31293082123455,0.6334763436572506,1,0.1
0.7749151777501075,1.8382628121158326,1,0.1
1.2222053733268474,2.4060316545384306,1,0.1
-1.5273698905624,-0.28676672510855683,1,0.1
1.4271484232851825,2.398471750774327,1,0.1
-0.9685886649735126,0.2712585101039201,1,0.1
-1.7057108987226355,-0.6785850477122435,1,0.1
2.5870018621227384,3.5191433573515143,1,0.1
-0.23428628688041706,1.1176280488547345,1,0.1
1.0977671925204038,2.2095299974058773,1,0.1
2.1620207857568055,3.382973785497393,1,0.1
-1.1557324700651392,0.18256490848460016,1,0.1
-0.8979171055906175,0.12033938525784238,1,0.1
-0.5514394677162808,0.46059447080950333,1,0.1
-1.781392974852483,-0.7353335277715327,1,0.1
0.7606862381765109,1.6871528853993576,1,0.1
-1.3836392616166384,-0.21492397307670275,1,0.1
-0.6323856849782437,0.34612191771408607,1,0.1
0.3961018467707301,1.4307140385421389,1,0.1
-1.6217425227865057,-0.47867111893229186,1,0.1
-0.3808244657974001,0.5713084223093707,1,0.1
-0.10948644404882185,0.9476443981821152,1,0.1
-0.6647974639554938,0.4299669758627177,1,0.1
0.21125172939652706,1.2542484269827987,1,0.1
0.7388237733693601,1.86424861606764,1,0.1
-2.1605456544779016,-0.9741207928711375,1,0.1
-0.6924902247687204,0.21009769594416583,1,0.1
-0.5077130063864398,0.5132967632079767,1,0.1
0.1862072917486922,1.2375369680694899,1,0.1
1.3671947081081057,2.4909484049150548,1,0.1
0.8144455101449818,2.063540350636487,1,0.1
1.0214581083669914,2.22781214343064,1,0.1
-0.2500531347469103,0.9727280795961537,1,0.1
0.40419344886369146,1.5014662568233068,1,0.1
0.42937299307295507,1.5795196187552858,1,0.1
-0.32166894931827233,0.8362830125572562,1,0.1
-0.5087134167788728,0.5749148844768529,1,0.1
0.5938133151309279,1.6513048035786133,1,0.1
-2.229991975487589,-1.0648614951297277,1,0.1
0.697587860756137,1.5911017112431642,1,0.1
-0.3732860921627242,0.7858240789615922,1,0.1
0.367686634586776,1.4462690424829352,1,0.1
-1.1586657936198312,-0.014038889371537744,1,0.1
0.3026892302089934,1.3012853412718397,1,0.1
0.2467504616311444,1.3768789957583285,1,0.1
-1.7586220104650314,-0.6209341108891986,1,0.1
-0.14898221402446865,0.7889243748866115,1,0.1
-0.5723849974165545,0.5065074400721066,1,0.1
1.7468415617450532,2.7974923057522636,1,0.1
-0.5113689341701544,0.7683802964050719,1,0.1
-1.0976172149982926,-0.020779185357785446,1,0.1
0.7329305353113937,1.730852616775615,1,0.1
-0.7961747822451867,0.3769104794323749,1,0.1
1.1274100776555034,2.165101125598741,1,0.1
1.6364201681818842,2.8529302807417585,1,0.1
0.5285419793118349,1.8138350073860108,1,0.1
1.8662614141786402,3.0476449149172415,1,0.1
1.1394615910169803,2.4442260825087043,1,0.1
0.5912434084595528,1.8356660167104233,1,0.1
-0.3705863227785009,0.8129802788925413,1,0.1
-0.14732974672350455,0.9339682811657496,1,0.1
-0.6103587756995371,0.4830380524170378,1,0.1
0.7598564797174098,1.8081602849591136,1,0.1
1.1613107192211012,2.3421267477170127,1,0.1
1.8513225864421383,3.0855352612138396,1,0.1
0.11512473918788053,1.4236782653092646,1,0.1
-0.6500217729929648,0.4923460535379617,1,0.1
-0.11658840278958094,0.9326462025642153,1,0.1
0.9200951398832619,2.0133597601396835,1,0.1
-1.3679594974820741,-0.16662352146810577,1,0.1
-0.507030689687046,0.47630695816614343,1,0.1
-0.3892613952594519,0.6583693005571625,1,0.1
0.911184448385227,1.9770213784409432,1,0.1
-1.0008670462242049,0.19683509161988955,1,0.1
0.6326497300779332,1.6523332392399221,1,0.1
0.034642308998709244,1.1998756329227016,1,0.1
-0.17689677702501952,0.9430907862672507,1,0.1
-0.3353551065628413,0.7589539720638838,1,0.1
-0.8348067111795523,0.24108868602683597,1,0.1
-0.9172897455546165,0.10681912304806707,1,0.1
-1.8921172956422105,-0.8814353833374038,1,0.1
0.11159173366216123,1.023448195328421,1,0.1
0.3275250550525388,1.4298698745853808,1,0.1
-0.6169373537413524,0.5260496337171857,1,0.1
-1.1181836857990872,-0.06557872242736873,1,0.1
-0.6979893337034796,0.29545279405378355,1,0.1
-0.8696403875449898,0.15990489186038848,1,0.1
-0.3141168433978034,0.7018736457882353,1,0.1
-0.6735771798524566,0.396610184726367,1,0.1
-1.4412862933771755,-0.4016252749045388,1,0.1
-1.8299125223050432,-0.8700750497954971,1,0.1
0.5958807714014683,1.5088732664219187,1,0.1
1.3624386784578169,2.5133260051000086,1,0.1
0.8686605961249495,2.1199931966349506,1,0.1
-1.6547901416024542,-0.44279082193895913,1,0.1
-0.8140097998509427,0.14171111795516145,1,0.1
-0.04827383934759653,0.9658972724479196,1,0.1
1.3868341444367867,2.4834238716815786,1,0.1
0.22735085858101275,1.4756932457491705,1,0.1
0.10935312245868539,1.2569224470336025,1,0.1
-0.3228794452714816,0.8028127994318786,1,0.1
-0.43271296138722704,0.6475683185559608,1,0.1
-0.05081814314925637,1.0139386887063395,1,0.1
0.8505328207718441,1.951926689642478,1,0.1
-1.3254003010500335,-0.13020763208578567,1,0.1
0.20970219292135653,1.196681429712778,1,0.1
0.2541918045364725,1.3738599475077504,1,0.1
1.0370888263439753,2.1744748210947504,1,0.1
0.6702712635411577,1.8877187456506328,1,0.1
0.23829384731410994,1.4270657218791731,1,0.1
-0.635925889054201,0.5067806831337163,1,0.1
-0.11052930945171902,0.9401487588616526,1,0.1
-0.78223228969757,0.3117825861885952,1,0.1
-0.9500560638757881,0.08112219474307147,1,0.1
0.3118110780193061,1.319923297493613,1,0.1
1.1012788072319872,2.2332711369813483,1,0.1
0.19907596676070927,1.4224030804588441,1,0.1
-0.22478483788210346,0.917455470163781,1,0.1
-2.2151778827108997,-1.1234323356945215,1,0.1
1.2127521499203315,2.1004089163508795,1,0.1
-0.6656511390536793,0.5443897525814086,1,0.1
-0.652497857304017,0.4019411179541239,1,0.1
-1.1807053550677966,-0.1405112432723843,1,0.1
-0.0957213586798725,0.890227516992889,1,0.1
1.9653632981570417,3.0543860498563307,1,0.1
-0.24362997461183722,1.061808630373796,1,0.1
1.1291300392419201,2.2353109022792994,1,0.1
1.8503360776208253,3.0738671678487552,1,0.1
2.3014660085722967,3.6088527253571723,1,0.1
1.6196889500649914,2.9805742226007084,1,0.1
-0.7216603685216478,0.5763970537384231,1,0.1
-0.33083288253471654,0.7268068228391257,1,0.1
1.6629570490439916,2.735637731327904,1,0.1
0.9463386192537641,2.2199023923865546,1,0.1
0.31607278781049575,1.538063027049151,1,0.1
0.38082995267866515,1.5346362553835804,1,0.1
-1.1065830124745577,0.046880613063800425,1,0.1
0.4142364992485644,1.4189245605549443,1,0.1
0.4450215998930816,1.586914055948576,1,0.1
-1.0000564333190336,0.15863497227582402,1,0.1
0.18478691755371057,1.2006504147812929,1,0.1
0.7601852728908916,1.8802503143690208,1,0.1
1.0585597026201667,2.246584734057069,1,0.1
0.7933976589832071,2.018056132388914,1,0.1
-1.3928927561065096,-0.1910871428676182,1,0.1
0.2883337566320924,1.2692250423453304,1,0.1
1.1548155118744505,2.2817380161089833,1,0.1
-0.8345963852809906,0.3935774163299077,1,0.1
-0.06031487659555634,0.9790428650374345,1,0.1
1.2998573494650814,2.3977616359688247,1,0.1
0.4387146710112601,1.6784908346081426,1,0.1
1.0980745585836313,2.2659236420444455,1,0.1
1.661019272855736,2.8876116370601803,1,0.1
0.9491004899892199,2.237861653695238,1,0.1
0.8044061415234924,2.0281923068930165,1,0.1
0.026108599447937586,1.2289278301372393,1,0.1
-0.9744130058028332,0.14847977721089067,1,0.1
0.7771755592508739,1.7920235369719628,1,0.1
-0.5606063787179684,0.6185959749792279,1,0.1
-0.24510024116276125,0.8167593563351616,1,0.1
1.0430418391175442,2.12471777475106,1,0.1
0.591240059907272,1.803711837382378,1,0.1
0.02170803108664318,1.202079214824881,1,0.1
-0.011307367397487061,1.108900554085001,1,0.1
0.04185008848853285,1.152740143897033,1,0.1
-0.3811901178365297,0.7340838965531736,1,0.1
-0.16719299660150214,0.9062153930538152,1,0.1
-0.08644387104323936,1.0041776682621422,1,0.1
0.4261134264386546,1.5265311932648689,1,0.1
-0.564409099213452,0.5882440201130349,1,0.1
-0.38714849527129114,0.6716759067400124,1,0.1
-1.456961103907282,-0.3897935132332808,1,0.1
0.0925571387882148,1.0535777874648866,1,0.1
2.2166974461063136,3.3220552248528024,1,0.1
0.05870924359366076,1.390914766078941,1,0.1
-1.401777380806803,-0.2626859041989089,1,0.1
-0.10438242161844806,0.869348987961661,1,0.1
2.758440853712652,3.845375752508818,1,0.1
0.5693257014802464,1.9538632767311284,1,0.1
-0.923849575864099,0.27153675180901393,1,0.1
1.3042432071647374,2.331396882345639,1,0.1
-0.8311562439824827,0.4019834442520813,1,0.1
-0.8417042813737051,0.19849406305150297,1,0.1
0.35120293395115354,1.3710523402563037,1,0.1
0.38921040593291567,1.526315639958546,1,0.1
-1.3584339049740168,-0.2058023409781622,1,0.1
-1.9556369984116324,-0.9762172325094486,1,0.1
0.989671807852888,1.892050084601943,1,0.1
0.385034951745844,1.5742399602060384,1,0.1
-2.411747531310085,-1.254323535289481,1,0.1
1.7025384420406915,2.5771060885117434,1,0.1
0.3542485996771917,1.6119592085283658,1,0.1
-0.9340745196601987,0.2271214011926379,1,0.1
0.2392350616426923,1.2619472017619562,1,0.1
-0.25167113964338583,0.8745235805328099,1,0.1
-0.1985132927753217,0.8889390652779594,1,0.1
-1.083732892805217,0.005161013722579044,1,0.1
0.7296344385566883,1.730150539928946,1,0.1
1.6298151481074983,2.8028302021003926,1,0.1
-0.14079062525701255,1.1394923949530267,1,0.1
1.3832638103967636,2.497213049892066,1,0.1
0.31027792889948475,1.5599992338886914,1,0.1
0.07745637553578434,1.2334562989246536,1,0.1
0.6863428755635989,1.809688505456064,1,0.1
-1.7085015369955547,-0.5275326864499483,1,0.1
-1.5681919099391641,-0.620945178584159,1,0.1
0.9602359968250059,1.89814147896659,1,0.1
0.7500860501112226,1.9399001980078818,1,0.1
-0.2215088476404982,0.9724811721602901,1,0.1
1.9872100779218413,3.0844581951378705,1,0.1
-0.3400913973900325,0.9683544221237546,1,0.1
0.0782464161440376,1.175081858356413,1,0.1
-0.3878303309511725,0.7296778548844688,1,0.1
-0.4215961022408346,0.6513716832476124,1,0.1
-0.037823356531804145,1.027313811792957,1,0.1
1.3391066706014183,2.4418380517807137,1,0.1
0.24645899057009138,1.4906427957481627,1,0.1
-0.039043169202468066,1.1100211103723483,1,0.1
0.8682575688583895,1.9792596798956241,1,0.1
-0.3176995393838206,0.8802264286057417,1,0.1
1.1035219100361824,2.1915445528967563,1,0.1
1.517220952797785,2.7363754080874605,1,0.1
-0.36825183351509433,0.9053857072936518,1,0.1
0.21699611038738273,1.3075346811167479,1,0.1
0.2596148018374804,1.3903682699491553,1,0.1
1.075367018591859,2.2144038455867747,1,0.1
-0.9324852320142567,0.2889551525444207,1,0.1
0.1450639290009511,1.1739594442553933,1,0.1
0.5754254470670748,1.692821391492614,1,0.1
1.6200763254880737,2.789358464637335,1,0.1
1.2536001734007987,2.532536019864532,1,0.1
1.6746052850546596,2.927858887041113,1,0.1
0.6977045100241892,1.9904903987283005,1,0.1
-1.7053156015723852,-0.5062665616995552,1,0.1
-0.35228961811829945,0.597083725711745,1,0.1
0.4856996680101596,1.545408040581334,1,0.1
-1.0389573882618743,0.11558341579625897,1,0.1
1.1221025541941465,2.1336608957737724,1,0.1
-0.6353823500529351,0.5779837395244422,1,0.1
0.21858863999010456,1.2763870139425486,1,0.1
-1.4111198564787937,-0.28348115508453886,1,0.1
-1.45142586066541,-0.47977397617386386,1,0.1
0.7350672566794241,1.6870898590620378,1,0.1
2.276971131665864,3.445680117572068,1,0.1
-1.326800724834824,0.01776728692238283,1,0.1
1.8656679239438956,2.867444652636134,1,0.1
0.5188841582393068,1.8056286235029204,1,0.1
-2.0299671082990285,-0.8494042459487363,1,0.1
0.1807837399277895,1.095843315332916,1,0.1
0.012502989165478305,1.1220873206987698,1,0.1
-0.34954710920338883,0.7626616228664882,1,0.1
-0.6880659133525254,0.3882002489341233,1,0.1
1.175667965027189,2.2144879899206016,1,0.1
2.059874791885048,3.281323590877108,1,0.1
2.097917065852858,3.426049424940569,1,0.1
0.04962653430222125,1.3922314767962782,1,0.1
0.5070732361384569,1.6462963838180846,1,0.1
-1.100349982797452,0.06427965558435633,1,0.1
0.7597929372364637,1.7662209027948994,1,0.1
1.567391112678985,2.7440132029584747,1,0.1
-0.449304508549426,0.8250968117464215,1,0.1
0.46057047988090133,1.5430801610555436,1,0.1
-1.2209692826752543,-0.06666126656969995,1,0.1
-2.057501732844277,-1.064167859501247,1,0.1
-0.30442981975337363,0.5891533942965017,1,0.1
-0.5552260093409678,0.5036893300886824,1,0.1
-0.005255248758161687,1.0451136842507065,1,0.1
1.0236025701519054,2.128113938576976,1,0.1
-0.03897294435362481,1.1738384495040728,1,0.1
0.46302220725223925,1.5804060522026464,1,0.1
0.5675557645115259,1.7255963697317906,1,0.1
0.9455606000572869,2.1181202370304657,1,0.1
-0.7515504343109527,0.46026158939209383,1,0.1
0.1452020851836283,1.1912282441228377,1,0.1
-0.5179645213003663,0.6011583031119174,1,0.1
-1.0339950061618723,0.026120824149319377,1,0.1
-0.4660640219854544,0.5365480604294774,1,0.1
0.5256521013300713,1.5793069073730193,1,0.1
-0.7276799425256203,0.43025074821168163,1,0.1
-2.1022875774973167,-1.0592625026761484,1,0.1
1.1354970413897487,2.0295707911221337,1,0.1
-0.6161713886124306,0.5867856904997827,1,0.1
-3.320413991317129,-2.261735422267151,1,0.1
1.0491019624286915,1.8229284202019764,1,0.1
-0.5558713663817328,0.6264214756384648,1,0.1
0.1145226691108675,1.177164816674714,1,0.1
0.20034541336974596,1.3180618950372174,1,0.1
-2.2468395546591613,-1.1150333651554396,1,0.1
0.28238427608589173,1.1708809395703477,1,0.1
-0.7014110262928918,0.4156770676641429,1,0.1
-0.3051669986413336,0.7364007081250805,1,0.1
0.7619724990308162,1.8356125698433243,1,0.1
-2.8798415454203634,-1.6962802884360308,1,0.1
-0.8096424925279847,0.020729478628412235,1,0.1
-0.7790945314661138,0.22297841639672733,1,0.1
-0.4314349600137889,0.5908628816258837,1,0.1
-0.7920965381498427,0.2669897500127457,1,0.1
0.4228911324671767,1.4495901074684512,1,0.1
1.3930615383901686,2.5380205491370136,1,0.1
0.7329318958072385,1.9867339507209398,1,0.1
0.472026753251658,1.670700148323752,1,0.1
-0.5308279134928713,0.6362421013395039,1,0.1
-0.09778613625377441,0.965838073880176,1,0.1
0.2308132436549499,1.3273970510429676,1,0.1
0.10939842790678152,1.2421381330110781,1,0.1
0.9031004288118443,2.0273142421129524,1,0.1
0.1372310345819166,1.3399624587932117,1,0.1
0.15801344558007172,1.2920096914593928,1,0.1
0.09364855582913102,1.2228495249750704,1,0.1
-0.13878691859502554,0.9834980339024816,1,0.1
-1.2270889456198526,-0.12873914222960448,1,0.1
0.4440374922413776,1.431163578018417,1,0.1
-0.48362751667411785,0.6594888411277239,1,0.1
-1.0964525801550584,-0.030503696042285977,1,0.1
0.7208522482152598,1.7178018786110312,1,0.1
0.7378385233458182,1.9096187112069214,1,0.1
1.1060221311474006,2.2969840022680925,1,0.1
0.003855507819518199,1.2335539080463274,1,0.1
1.2881128992283697,2.4114682900330022,1,0.1
0.5171536828820898,1.7583005118853903,1,0.1
-0.6621596478622056,0.5136704033263335,1,0.1
-1.2206089183458042,-0.1692418780131708,1,0.1
-1.6108001935584155,-0.6277243813597326,1,0.1
-0.6256823188204514,0.31154524304357534,1,0.1
-0.8902945478524645,0.14085997645189308,1,0.1
0.3474133749822137,1.361499372627403,1,0.1
-1.268485847039802,-0.13233590977706156,1,0.1
-1.6751408253634925,-0.6883744163411987,1,0.1
-0.9940252303073932,-0.06286267194151307,1,0.1
0.159659152604248,1.1533728854100969,1,0.1
-2.5242000095653156,-1.4088627210243059,1,0.1
1.929730079135835,2.7888438070334045,1,0.1
-0.41441523140562975,0.8644691492977108,1,0.1
1.0600654537846737,2.1465123687144447,1,0.1
2.3830480083628305,3.597699245234275,1,0.1
-0.4560867900010425,0.903683134522385,1,0.1
-0.6348766566403841,0.45549165681185455,1,0.1
0.13425061426828935,1.1797997799494748,1,0.1
-1.3033244980590597,-0.18534452006411217,1,0.1
-0.2965531336726615,0.6849124143209273,1,0.1
0.805111249085344,1.8736024905174369,1,0.1
-0.0332527686643861,1.1541074803873574,1,0.1
0.49928229732565715,1.6146930453643928,1,0.1
-0.17461440474411974,0.9868548997923196,1,0.1
0.21814310402297296,1.3168285940022049,1,0.1
1.8224775209851987,2.954160380385419,1,0.1
1.165618806137269,2.4610348441758108,1,0.1
1.9201307019946514,3.1662341864122325,1,0.1
0.43772348405145056,1.754346902692674,1,0.1
1.2463862003344557,2.421820890603723,1,0.1
1.246733998286176,2.4889160873465483,1,0.1
1.9656409118503586,3.2145325205850135,1,0.1
1.9539347433371426,3.275387995395644,1,0.1
0.15984540609374978,1.4873842056333142,1,0.1
0.08677953605728413,1.2355179566206156,1,0.1
1.1458467529523095,2.269398548614371,1,0.1
1.4520505088193436,2.678990363680781,1,0.1
-0.8877210443681669,0.3801779919999113,1,0.1
0.47428988334819666,1.5123076825481876,1,0.1
-0.1911618943135606,0.9600688739412583,1,0.1
-0.7202343070930797,0.3757725803010461,1,0.1
-0.6532489128321942,0.38432834519791037,1,0.1
1.024869961884289,2.0633027964040798,1,0.1
-0.5553977407242006,0.6509325389162075,1,0.1
-0.1607821000238341,0.9043111538677866,1,0.1
-1.112613191919884,-0.022182076533105333,1,0.1
-0.6661787351338723,0.33160305721281724,1,0.1
-0.32306837364161833,0.7100919320796634,1,0.1
0.35176305368908084,1.4227722468970472,1,0.1
0.9999391323612447,2.142216357050949,1,0.1
0.5951917924397787,1.8094134281448737,1,0.1
-1.7186032085539493,-0.5376618657394621,1,0.1
-1.428423886432937,-0.4821900730068832,1,0.1
0.8174342418570226,1.7692152345563343,1,0.1
1.2174019362339261,2.3943234596895593,1,0.1
-2.327317778887789,-1.0878854329188328,1,0.1
-1.081646766509567,-0.1904353098014503,1,0.1
-0.817753653332418,0.163202815687437,1,0.1
0.24923094178892302,1.265551223357667,1,0.1
-1.3576597098371364,-0.23110458750136975,1,0.1
0.8658800165382846,1.8427695577881478,1,0.1
-2.3596010607391613,-1.1753241049603464,1,0.1
1.1197805650677481,2.0022481545717135,1,0.1
0.2999776709749895,1.5002024864321608,1,0.1
-1.0055259926175815,0.1444942560256346,1,0.1
0.5605311375447408,1.5749805631473042,1,0.1
-1.7755448581429352,-0.6180468018282048,1,0.1
0.4007180570230044,1.338913376840184,1,0.1
-0.5054578339443992,0.628433503739619,1,0.1
1.088637050170902,2.151480400544864,1,0.1
-1.0756822044965715,0.13946583555791503,1,0.1
0.2329299107496565,1.246876494305448,1,0.1
-0.967210858492296,0.15747679093824885,1,0.1
0.4616554613014295,1.4774031403952543,1,0.1
0.5167755003920111,1.6645158144315366,1,0.1
-0.24960425496194508,0.9168473264812087,1,0.1
-0.0627904367446062,1.0288942959035148,1,0.1
-1.1856899113493036,-0.08280048175895205,1,0.1
1.1467681533329779,2.1384881051570828,1,0.1
0.7680938629635149,1.9819426734792231,1,0.1
-0.007318876472869491,1.190875390875053,1,0.1
1.0032512211803166,2.122338760267822,1,0.1
0.6738057143732987,1.8860395904000808,1,0.1
0.5235215609313193,1.7121255199713274,1,0.1
-0.9236183939217167,0.24759415807541607,1,0.1
-0.9962340850941549,0.02852533071338681,1,0.1
-0.23687693040893193,0.7659756026624067,1,0.1
0.33023577189026504,1.4068333321565059,1,0.1
0.4397094854214518,1.5803928186371023,1,0.1
0.43670078539509105,1.5947400672588012,1,0.1
-1.161771279683942,-0.0022972729580617024,1,0.1
2.649598606240521,3.6493688789447147,1,0.1
-1.5643114791168162,-0.1993745912223448,1,0.1
-0.03885721197481875,0.9412053289029468,1,0.1
-0.6520089363397813,0.44211159655051346,1,0.1
-1.4926090043043239,-0.44839784464927246,1,0.1
-0.941985509829848,0.013174705705224832,1,0.1
0.2096231080025713,1.2109405785730938,1,0.1
0.9567573810903004,2.0778514389476097,1,0.1
-0.3011453964580151,0.9066397474367458,1,0.1
-1.0405329901259135,0.05013098461776111,1,0.1
-0.4816787373194849,0.5233343611422911,1,0.1
-1.8745179016101323,-0.8221844654959032,1,0.1
1.4641219687570053,2.381903522207415,1,0.1
-0.1992702544928311,1.0389200977279105,1,0.1
1.681604903590278,2.785496913363069,1,0.1
0.4333506473063701,1.711900338642677,1,0.1
0.5706604490880848,1.7418504829523527,1,0.1
-0.49807854087768694,0.6761065074175485,1,0.1
0.2247389577958551,1.29234960853761,1,0.1
1.0579992453480591,2.18723420620182,1,0.1
-0.6190085502351307,0.5997148703850513,1,0.1
0.6668586158924628,1.7268301029309678,1,0.1
-0.6135638118676668,0.5591191984254299,1,0.1
0.35218738582831527,1.4080993056708584,1,0.1
0.280865859453498,1.4216757900205839,1,0.1
0.19130560509738873,1.3334731840994472,1,0.1
-0.2831059142011567,0.850241404208788,1,0.1
0.3025259640602891,1.3875501044811678,1,0.1
0.742644136533682,1.8813991469817988,1,0.1
0.11420168093534308,1.302341595633523,1,0.1
-0.11409342391374112,1.016140735649611,1,0.1
-0.2747939801901546,0.8268200933748064,1,0.1
-1.3603792731136581,-0.27769726377617743,1,0.1
-0.031239070412604743,0.9409912032097775,1,0.1
-1.5504584911468138,-0.456359370825836,1,0.1
1.135881461201595,2.0902455241190117,1,0.1
-0.4497811035459803,0.759243448865921,1,0.1
0.4017810961308779,1.47770544101747,1,0.1
0.5705563954161637,1.7183269395179106,1,0.1
-0.3145448880656094,0.8572878058861817,1,0.1
1.0987022515911418,2.18443103217976,1,0.1
0.8070533318767878,2.025496435094764,1,0.1
0.6745412398260484,1.8770908833355249,1,0.1
-0.5817825994446911,0.6059264888888612,1,0.1
-0.9621786533778243,0.09841399551106189,1,0.1
-0.41844840968629937,0.5913929898648068,1,0.1
-0.20814088462210215,0.8509984143643786,1,0.1
-1.5949218450936973,-0.5098220036572594,1,0.1
-0.6943405950002581,0.2546772046340159,1,0.1
-0.5674347003534255,0.45803302010997604,1,0.1
0.3903398748505906,1.4361431768615882,1,0.1
2.765166686780883,3.908781004467042,1,0.1
0.0629731902756902,1.4538512907223944,1,0.1
1.8597472684932073,3.005132397565447,1,0.1
0.19541732238105322,1.4959305621375978,1,0.1
-1.8847905915812695,-0.7351975353675098,1,0.1
0.7320955366325507,1.6585757830957997,1,0.1
-1.780151398841162,-0.614293820531582,1,0.1
1.7752243419683664,2.7137949599152082,1,0.1
-0.2847010084126841,0.9866784875788367,1,0.1
0.2687772829714837,1.3674451317293672,1,0.1
-0.22650320024476578,0.910241312928171,1,0.1
-0.7258521693518761,0.3651719619409409,1,0.1
-0.5259792974173152,0.5105378987767788,1,0.1
-0.694962558196029,0.3560912316816489,1,0.1
-0.16025533026512884,0.8753537929030362,1,0.1
-1.3474616790776996,-0.2599262997873961,1,0.1
-0.12379457165649557,0.8502127983647648,1,0.1
0.662059658015806,1.7470809378522825,1,0.1
-0.4914972206470546,0.6832108731381737,1,0.1
2.3818164081134596,3.4501374954272768,1,0.1
-1.0009568013191683,0.34405694822355937,1,0.1
-0.810370856941574,0.22403483788078193,1,0.1
-0.7424609431897613,0.2799425405983169,1,0.1
1.5393792071793833,2.5673734612392147,1,0.1
1.2152444472964083,2.47198179342033,1,0.1
-0.09108395217894155,1.1561142271630915,1,0.1
0.2589497695767717,1.374561192293081,1,0.1
-0.4981414957680014,0.6393146234613066,1,0.1
-0.4943315709923201,0.5695998913538105,1,0.1
-0.8437077018930739,0.21325228724230727,1,0.1
-0.31162399215396147,0.7097012365702693,1,0.1
0.09812093629635962,1.1690910599533864,1,0.1
-0.20906274047979237,0.9078463655155463,1,0.1
-1.8512669035837446,-0.76048226703219,1,0.1
-0.9669937009860008,-0.04304192768921977,1,0.1
-0.9316180350454667,0.06407777218561128,1,0.1
-0.9530811049933032,0.05332667222525789,1,0.1
1.3361318712930528,2.3414645385155786,1,0.1
0.5871852742839504,1.8213317281355081,1,0.1
-0.492008572442133,0.6901246003714179,1,0.1
-1.5457834714308543,-0.4767710113937125,1,0.1
0.8569430207362924,1.8092659195969212,1,0.1
-0.9406011682630532,0.2403254236966389,1,0.1
0.7821902622406344,1.8062228046102984,1,0.1
-0.6879853059305859,0.49263697453044386,1,0.1
1.378704546941013,2.427968244394058,1,0.1
0.7541593869642452,1.996956211403651,1,0.1
1.025213942765283,2.224909563905648,1,0.1
1.8741232114078874,3.0966141677984522,1,0.1
0.19712674142559383,1.5067881582054392,1,0.1
0.80908015869987,1.959758974520414,1,0.1
-2.5979145712897846,-1.4019386738377433,1,0.1
0.44601762631561104,1.3058237589318367,1,0.1
-1.6536375923430997,-0.523055216449916,1,0.1
0.2841998088424423,1.2318942871974508,1,0.1
0.5845901156054816,1.7077795443252266,1,0.1
1.9088438941459809,3.079621848578504,1,0.1
1.1218833716948806,2.4298455565527313,1,0.1
-0.687161569896706,0.5558229857585673,1,0.1
-0.5794806319311566,0.4761016666447001,1,0.1
0.1250287888711578,1.1726389555356278,1,0.1
-0.6333507386173155,0.48391315693624726,1,0.1
-1.1706914894481433,-0.12230017375451863,1,0.1
1.4302186172166758,2.417988599841224,1,0.1
-1.1014979710270858,0.14030088895703652,1,0.1
-0.12683667302985394,0.8871934158658498,1,0.1
0.14149482831742013,1.2302141699040052,1,0.1
-0.09596988410507078,1.0270515328853298,1,0.1
1.710664309350069,2.813369462638602,1,0.1
-1.079942508947926,0.2013944373159342,1,0.1
-0.6633988673548012,0.35674057637679213,1,0.1
1.8466299271901385,2.882303984827818,1,0.1
-0.4324338442531088,0.855796554229673,1,0.1
1.2889619329735884,2.3745415883965557,1,0.1
1.6046863135476426,2.8421404723872983,1,0.1
-0.03392042603515565,1.2502936212035742,1,0.1
1.5372260133358373,2.6622553754561946,1,0.1
1.4808619649093875,2.747087502455007,1,0.1
1.5822230772661792,2.85693182751168,1,0.1
1.3691048673592758,2.654798050110444,1,0.1
1.04787168317925,2.3133514881902943,1,0.1
0.12737581813489687,1.3587109669539263,1,0.1
0.45476760750654327,1.5906387042019359,1,0.1
-0.6236059352903265,0.5354579351298672,1,0.1
0.5354013721652404,1.588947165678227,1,0.1
1.3108692805779714,2.469763997145794,1,0.1
-0.9502693010906891,0.2967070986238902,1,0.1
-0.7687371201689165,0.26093358969347247,1,0.1
-0.3947357213587807,0.6313576376105665,1,0.1
0.665914629356779,1.7290503931178356,1,0.1
0.9697132992576761,2.1426183385694597,1,0.1
-1.1100025424716462,0.10425929138529977,1,0.1
1.0357439547750689,2.046169883913599,1,0.1
-0.8890385521735826,0.31557843621777737,1,0.1
-1.4839943080379645,-0.4524364644161867,1,0.1
0.4744157228697277,1.429172076428109,1,0.1
1.0264415474132855,2.1693587550560967,1,0.1
-1.632699258520069,-0.41576338301445936,1,0.1
0.3392169121184819,1.297640573817036,1,0.1
1.5703824233647172,2.7001464807464206,1,0.1
0.11587399261990497,1.3858886406945472,1,0.1
1.1744450608317027,2.3130339249011573,1,0.1
-0.32463614911883487,0.9066672433712809,1,0.1
1.3006808046389655,2.3913475289760937,1,0.1
0.8340768390218384,2.073211591919448,1,0.1
-0.8454380976844836,0.3618830615074612,1,0.1
-0.40725559249873594,0.6289327136520102,1,0.1
0.3744189304244658,1.437312201789667,1,0.1
-0.4687763634018244,0.6749548567771423,1,0.1
-0.6627332985295419,0.40476218714817225,1,0.1
-0.5283094852259383,0.512166733488879,1,0.1
-0.3432843503688481,0.7079323229800398,1,0.1
1.009125471860721,2.0799187041587253,1,0.1
0.3293217674227199,1.5373136378385923,1,0.1
-0.02146459189578557,1.1322667718880737,1,0.1
0.0388617345901459,1.1520884117789532,1,0.1
-0.09912265518773299,1.0160861859901624,1,0.1
-0.5910565594392716,0.5105520591597446,1,0.1
0.16246226450408455,1.2135174704200589,1,0.1
0.13937320123287267,1.2607249482748784,1,0.1
1.8675057954956578,2.9935782903231454,1,0.1
-0.8695008971230294,0.4298569319092851,1,0.1
0.0707781656065713,1.1137638587974998,1,0.1
-0.4401807750118968,0.6711956108678533,1,0.1
0.9070499235325574,1.9741694846193427,1,0.1
-1.5974693768900015,-0.4000524284280671,1,0.1
0.2201735257337168,1.1801682828909101,1,0.1
-0.3669073238359838,0.7511095044531072,1,0.1
0.8831174410620155,1.9582283915073262,1,0.1
-1.1237092425915924,0.07211359655914018,1,0.1
-0.6976880172502145,0.30952334240569956,1,0.1
-0.19499006474094324,0.8359622694996267,1,0.1
-1.2445577680796236,-0.160961541129661,1,0.1
0.9037519451744834,1.8876557910615173,1,0.1
0.992650648813298,2.18141622791945,1,0.1
-2.0386743384834225,-0.8205327156914775,1,0.1
-0.5411389883041337,0.3768077401267186,1,0.1
0.7692780927359839,1.8069588667486558,1,0.1
0.45633698042304927,1.6370328670979148,1,0.1
-1.1331900964041963,0.030513190305595073,1,0.1
-0.4365364152875019,0.5665149037430575,1,0.1
-1.074037513055412,-0.017386022681106228,1,0.1
-0.475984576839126,0.5222768208927634,1,0.1
-1.7489661981421663,-0.6967385160528898,1,0.1
-0.4478863461741891,0.48243980222052196,1,0.1
-1.4998527137360016,-0.45160873351394937,1,0.1
0.08592727539388224,1.0407664020424874,1,0.1
2.7161764500031267,3.8202530902073755,1,0.1
1.1186974734426625,2.5007227824634,1,0.1
-0.4772417284771741,0.7728305497691659,1,0.1
-1.8420454511158413,-0.7647623961389247,1,0.1
1.0606921905331417,1.9842159509192492,1,0.1
-0.1195817240423836,1.0788398710495413,1,0.1
-0.03084442853692089,1.0770395585680332,1,0.1
-0.34426841854915313,0.7634355373076502,1,0.1
-1.295144364990183,-0.21880081125941797,1,0.1
0.3354529342934759,1.3135728531675341,1,0.1
0.8335063685874065,1.96486365390416,1,0.1
2.7446711012500966,3.9411574666405125,1,0.1
1.304854802905049,2.6989705495691005,1,0.1
0.14616417086346442,1.4160612258203744,1,0.1
-0.6386162564480199,0.5029898661340176,1,0.1
0.07581887262564779,1.1261178592390495,1,0.1
-0.7422532897734895,0.3703584961504154,1,0.1
0.04964913169714183,1.0866849813121835,1,0.1
-0.30319429626436317,0.805474201866855,1,0.1
0.7652869611607149,1.8458343813474005,1,0.1
0.6828992077897086,1.8674826459244485,1,0.1
0.7440632205983857,1.9308114851908307,1,0.1
0.8281763621471929,2.021257510666276,1,0.1
0.48316046279568986,1.6852862138623175,1,0.1
-0.13226735586203478,1.036261265524197,1,0.1
-0.7693457081235209,0.3342804184288988,1,0.1
-0.24680885874258987,0.7866191831003,1,0.1
-0.6403198224298681,0.43834209588016204,1,0.1
0.7887327114303254,1.8325669210183415,1,0.1
-0.40712864467309073,0.7761280474287434,1,0.1
0.16160989329763084,1.2392226980405052,1,0.1
-1.6602889493879254,-0.5363666795838749,1,0.1
-0.5740735532811935,0.372289778760419,1,0.1
1.080046737667469,2.117275715543511,1,0.1
-1.0019541698880468,0.20977340166630443,1,0.1
0.576995344268085,1.5979726844347155,1,0.1
0.1626563088164167,1.3224535772598884,1,0.1
0.2132317236152558,1.3454770813412447,1,0.1
-0.4540383380645224,0.6805093700696021,1,0.1
-0.23134006949448233,0.8367108675124779,1,0.1
0.021881999385857928,1.1055530861371057,1,0.1
-0.235857831681816,0.8746974769318945,1,0.1
-0.5230818430941963,0.5643879045989931,1,0.1
0.7180514658490423,1.7744902563089417,1,0.1
-0.3664041460186902,0.8110448796122041,1,0.1
-0.08938422789284861,0.9917202600683718,1,0.1
1.6763579284171561,2.7755299544239933,1,0.1
0.9052684622648282,2.1828214577072274,1,0.1
0.6084889425593638,1.8267710883300865,1,0.1
-0.8087247774519127,0.37395233138109585,1,0.1
0.5878414397841658,1.6252366729222754,1,0.1
-1.5533700118367377,-0.3908463445445103,1,0.1
-1.6904689641618877,-0.7295535986163387,1,0.1
-0.21939109317165909,0.707653546966707,1,0.1
-0.258630476002625,0.8121348786940457,1,0.1
-0.6807711519808841,0.4004423358885205,1,0.1
-1.2109344169420202,-0.1708901833531682,1,0.1
-0.24089385398384086,0.7420171276808423,1,0.1
-1.4326884403065285,-0.35848672753844424,1,0.1
0.26271219493042325,1.226863522176579,1,0.1
0.6231942341229483,1.7458805863406064,1,0.1
-1.3949522817529374,-0.2203642231188767,1,0.1
-0.4916397272333822,0.4863238504547302,1,0.1
-0.2964692818170703,0.7521631032284029,1,0.1
-0.5050577210437285,0.5701585892791118,1,0.1
0.014349639708391669,1.071365498636303,1,0.1
0.431594026405849,1.5387305762694794,1,0.1
0.30541674296612703,1.459289800593075,1,0.1
-0.5094739750430366,0.636455005016271,1,0.1
2.015257614440034,3.078903114941661,1,0.1
0.9844118825686416,2.292302194062808,1,0.1
-1.2652205718002396,-0.03599035239395887,1,0.1
-1.2397913131613967,-0.24339034840079254,1,0.1
-1.2038842502282225,-0.2282232850683018,1,0.1
1.5642093104986596,2.5413869819918293,1,0.1
-0.38732975117587604,0.8668089470233069,1,0.1
0.18821412197237813,1.2748950166747088,1,0.1
1.2404882914799782,2.367977793147449,1,0.1
1.2285345613470249,2.46533234066177,1,0.1
0.4999230885953857,1.7464563226615626,1,0.1
-0.1389013437670071,1.0357442884991492,1,0.1
-1.2499583324694585,-0.14638390361954357,1,0.1
-0.9257807248176011,0.059580884820444546,1,0.1
-0.4981256919429128,0.5078323965391317,1,0.1
-0.7747253532087787,0.2760578864451345,1,0.1
0.49501689575826846,1.5226226844027817,1,0.1
1.08980659082235,2.242068859262628,1,0.1
-0.8486191309383537,0.375587754987909,1,0.1
0.04527208351457729,1.0828308590133682,1,0.1
-1.8678400987935386,-0.7595570128922018,1,0.1
-0.3705517442747981,0.5534925544359817,1,0.1
0.7478519655763569,1.803201221019955,1,0.1
0.5861392601370572,1.7664593822390526,1,0.1
1.524229762792928,2.7008757010168334,1,0.1
0.10654326246265394,1.3766308325643373,1,0.1
-2.482460409071094,-1.3447973258146604,1,0.1
0.6442785364602631,1.509798803878797,1,0.1
2.414400112792726,3.5653799931806054,1,0.1
-0.3644581318934939,0.9920798674245668,1,0.1
1.0025820333045137,2.1017900200469706,1,0.1
-0.6319387223178355,0.5782402796868614,1,0.1
1.1030798906419537,2.16090391861064,1,0.1
0.7312608804144592,1.9473512722755233,1,0.1
-0.3044491928008214,0.890285934426731,1,0.1
-0.06914386287530389,1.0198847305673693,1,0.1
-2.8768236991296194,-1.7748352260728826,1,0.1
